[{"@type":"mtTask","id":"@1","name":"mt_cdi_pdo_rad2","autoExpireObject":false,"runtimeEnvironmentId":"@9MF0qhU2GsVjTG4vIrc268","maxLogs":10,"verbose":false,"lastRunTime":1757306325000,"mappingId":"@2yreGiRY6EVbC3Yh4nwwuC","frsGuid":"f7GtnPHaG2fhXa3P8NThq3","sessionPropertiesList":[],"hidden":false,"enableCrossSchemaPushdown":true,"enableParallelRun":false,"autoTunedApplied":false,"autoTunedAppliedType":"NONE","schemaMode":"async","executionEngine":"ECOSYSTEM","valid":true,"schemaValidationErrorCount":-1,"serverlessProperties":{},"taskProperties":[{"@type":"taskProperty","name":"parameterFileDir","currentValue":"","type":"STRING","label":"label.parameterFileDir","required":false},{"@type":"taskProperty","name":"parameterFileName","currentValue":"","type":"STRING","label":"label.parameterFileName","required":false},{"@type":"taskProperty","name":"outboundMessageUrlQueueTime","currentValue":"","type":"NUMBER","label":"label.outboundMessageUrlQueueTime","required":false},{"@type":"taskProperty","name":"outboundMessageUrlToken","currentValue":"","type":"STRING","label":"label.outboundMessageUrlToken","required":false}],"optimizationPlan":"NONE","isMidstreamPreview":false,"allowMaxFieldLength":false,"specialCharacterSupport":false,"useUserDefinedOrder":false,"parameters":[{"@type":"mtTaskParameter","id":5689909,"name":"$Src_Customers_Sflk$","type":"EXTENDED_SOURCE","label":"Src_Customers_Sflk","uiProperties":{"connectionParameterized":"false","isSelectDistinct":"false","isMsrcFilterParameterized":"false","isMsrcSortParameterized":"false","objectParameterized":"false","visible":"false","originalPath":"Src_Customers_Sflk"},"sourceConnectionId":"@8RvqGoHyhvniQWk7Wazgkc","newFlatFile":false,"newObject":false,"showBusinessNames":false,"naturalOrder":true,"truncateTarget":false,"bulkApiDBTarget":false,"customFuncCfg":{"@type":"customFuncConfig","id":-1,"connections":[],"inputMap":[],"outputFields":[]},"targetRefsV2":{},"targetUpdateColumns":[],"fieldOrderList":[],"extendedObject":{"@type":"extendedObject","object":{"@type":"mObject","name":"RETAIL_CPG/PUBLIC/RAD_Customers","label":"RETAIL_CPG/PUBLIC/RAD_Customers","metadataUpdated":false,"dbSchema":"","relations":[],"children":[]},"singleMode":true,"objects":[{"@type":"mObject","name":"RETAIL_CPG/PUBLIC/RAD_Customers","label":"RETAIL_CPG/PUBLIC/RAD_Customers","metadataUpdated":false,"dbSchema":"","relations":[],"children":[]}],"filters":[],"sortFields":[]},"runtimeAttrs":{},"isRESTModernSource":true,"commandType":0,"isFileList":false,"handleSpecialChars":false,"handleDecimalRoundOff":false,"frsAsset":false,"dynamicFileName":false,"excludeDynamicFileNameField":false,"currentlyProcessedFileName":false,"retainFieldMetadata":false,"useExactSrcNames":false,"userUpdated":true,"tgtObjectAttributes":{},"runtimeParameterData":{"@type":"mtTaskRuntimeParameterData","isConnectionRuntimeParameter":false,"isObjectRuntimeParameter":false},"overridableProperties":[],"overriddenFields":[]},{"@type":"mtTaskParameter","id":5689910,"name":"$Src_Orders_Sflk$","type":"EXTENDED_SOURCE","label":"Src_Orders_Sflk","uiProperties":{"connectionParameterized":"false","isSelectDistinct":"false","isMsrcFilterParameterized":"false","isMsrcSortParameterized":"false","objectParameterized":"false","visible":"false","originalPath":"Src_Orders_Sflk"},"sourceConnectionId":"@8RvqGoHyhvniQWk7Wazgkc","newFlatFile":false,"newObject":false,"showBusinessNames":false,"naturalOrder":true,"truncateTarget":false,"bulkApiDBTarget":false,"customFuncCfg":{"@type":"customFuncConfig","id":-1,"connections":[],"inputMap":[],"outputFields":[]},"targetRefsV2":{},"targetUpdateColumns":[],"fieldOrderList":[],"extendedObject":{"@type":"extendedObject","object":{"@type":"mObject","name":"RETAIL_CPG/PUBLIC/RAD_Orders","label":"RETAIL_CPG/PUBLIC/RAD_Orders","metadataUpdated":false,"dbSchema":"","relations":[],"children":[]},"singleMode":true,"objects":[{"@type":"mObject","name":"RETAIL_CPG/PUBLIC/RAD_Orders","label":"RETAIL_CPG/PUBLIC/RAD_Orders","metadataUpdated":false,"dbSchema":"","relations":[],"children":[]}],"filters":[],"sortFields":[]},"runtimeAttrs":{},"isRESTModernSource":true,"commandType":0,"isFileList":false,"handleSpecialChars":false,"handleDecimalRoundOff":false,"frsAsset":false,"dynamicFileName":false,"excludeDynamicFileNameField":false,"currentlyProcessedFileName":false,"retainFieldMetadata":false,"useExactSrcNames":false,"userUpdated":true,"tgtObjectAttributes":{},"runtimeParameterData":{"@type":"mtTaskRuntimeParameterData","isConnectionRuntimeParameter":false,"isObjectRuntimeParameter":false},"overridableProperties":[],"overriddenFields":[]},{"@type":"mtTaskParameter","id":5689911,"name":"$Src_Suppliers_Sflk$","type":"EXTENDED_SOURCE","label":"Src_Suppliers_Sflk","uiProperties":{"connectionParameterized":"false","isSelectDistinct":"false","isMsrcFilterParameterized":"false","isMsrcSortParameterized":"false","objectParameterized":"false","visible":"false","originalPath":"Src_Suppliers_Sflk"},"sourceConnectionId":"@8RvqGoHyhvniQWk7Wazgkc","newFlatFile":false,"newObject":false,"showBusinessNames":false,"naturalOrder":true,"truncateTarget":false,"bulkApiDBTarget":false,"customFuncCfg":{"@type":"customFuncConfig","id":-1,"connections":[],"inputMap":[],"outputFields":[]},"targetRefsV2":{},"targetUpdateColumns":[],"fieldOrderList":[],"extendedObject":{"@type":"extendedObject","object":{"@type":"mObject","name":"RETAIL_CPG/PUBLIC/RAD_Suppliers","label":"RETAIL_CPG/PUBLIC/RAD_Suppliers","metadataUpdated":false,"dbSchema":"","relations":[],"children":[]},"singleMode":true,"objects":[{"@type":"mObject","name":"RETAIL_CPG/PUBLIC/RAD_Suppliers","label":"RETAIL_CPG/PUBLIC/RAD_Suppliers","metadataUpdated":false,"dbSchema":"","relations":[],"children":[]}],"filters":[],"sortFields":[]},"runtimeAttrs":{},"isRESTModernSource":true,"commandType":0,"isFileList":false,"handleSpecialChars":false,"handleDecimalRoundOff":false,"frsAsset":false,"dynamicFileName":false,"excludeDynamicFileNameField":false,"currentlyProcessedFileName":false,"retainFieldMetadata":false,"useExactSrcNames":false,"userUpdated":true,"tgtObjectAttributes":{},"runtimeParameterData":{"@type":"mtTaskRuntimeParameterData","isConnectionRuntimeParameter":false,"isObjectRuntimeParameter":false},"overridableProperties":[],"overriddenFields":[]},{"@type":"mtTaskParameter","id":5689912,"name":"$Src_products_Sflk$","type":"EXTENDED_SOURCE","label":"Src_products_Sflk","uiProperties":{"connectionParameterized":"false","isSelectDistinct":"false","isMsrcFilterParameterized":"false","isMsrcSortParameterized":"false","objectParameterized":"false","visible":"false","originalPath":"Src_products_Sflk"},"sourceConnectionId":"@8RvqGoHyhvniQWk7Wazgkc","newFlatFile":false,"newObject":false,"showBusinessNames":false,"naturalOrder":true,"truncateTarget":false,"bulkApiDBTarget":false,"customFuncCfg":{"@type":"customFuncConfig","id":-1,"connections":[],"inputMap":[],"outputFields":[]},"targetRefsV2":{},"targetUpdateColumns":[],"fieldOrderList":[],"extendedObject":{"@type":"extendedObject","object":{"@type":"mObject","name":"RETAIL_CPG/PUBLIC/RAD_Products","label":"RETAIL_CPG/PUBLIC/RAD_Products","metadataUpdated":false,"dbSchema":"","relations":[],"children":[]},"singleMode":true,"objects":[{"@type":"mObject","name":"RETAIL_CPG/PUBLIC/RAD_Products","label":"RETAIL_CPG/PUBLIC/RAD_Products","metadataUpdated":false,"dbSchema":"","relations":[],"children":[]}],"filters":[],"sortFields":[]},"runtimeAttrs":{},"isRESTModernSource":true,"commandType":0,"isFileList":false,"handleSpecialChars":false,"handleDecimalRoundOff":false,"frsAsset":false,"dynamicFileName":false,"excludeDynamicFileNameField":false,"currentlyProcessedFileName":false,"retainFieldMetadata":false,"useExactSrcNames":false,"userUpdated":true,"tgtObjectAttributes":{},"runtimeParameterData":{"@type":"mtTaskRuntimeParameterData","isConnectionRuntimeParameter":false,"isObjectRuntimeParameter":false},"overridableProperties":[],"overriddenFields":[]},{"@type":"mtTaskParameter","id":5689913,"name":"$Tgt_Customer_Revenue_Rank_Snowflake2$","type":"TARGET","label":"Tgt_Customer_Revenue_Rank_Snowflake2","uiProperties":{"connectionParameterized":"false","objectParameterized":"false","visible":"false","defaultTargetUpdateColumns":"","supportApplyDDLChanges":"true","originalPath":"Tgt_Customer_Revenue_Rank_Snowflake2"},"targetConnectionId":"@8RvqGoHyhvniQWk7Wazgkc","targetObject":"RETAIL_CPG/PUBLIC/DEMO_CDC_TOT_CUST_REVENUE_RAD","targetObjectLabel":"RETAIL_CPG/PUBLIC/DEMO_CDC_TOT_CUST_REVENUE_RAD","newFlatFile":false,"newObject":true,"showBusinessNames":false,"naturalOrder":true,"newObjectName":"RETAIL_CPG/PUBLIC/DEMO_CDC_TOT_CUST_REVENUE_RAD","truncateTarget":false,"bulkApiDBTarget":false,"operationType":"Insert","customFuncCfg":{"@type":"customFuncConfig","id":-1,"connections":[],"inputMap":[],"outputFields":[]},"targetRefsV2":{},"targetUpdateColumns":[],"fieldOrderList":[],"extendedObject":{"@type":"extendedObject","singleMode":true,"filters":[],"sortFields":[]},"runtimeAttrs":{},"isRESTModernSource":true,"commandType":0,"isFileList":false,"handleSpecialChars":false,"handleDecimalRoundOff":false,"frsAsset":false,"dynamicFileName":false,"excludeDynamicFileNameField":false,"currentlyProcessedFileName":false,"retainFieldMetadata":false,"objectName":"RETAIL_CPG/PUBLIC/DEMO_CDC_TOT_CUST_REVENUE_RAD","objectLabel":"RETAIL_CPG/PUBLIC/DEMO_CDC_TOT_CUST_REVENUE_RAD","useExactSrcNames":false,"userUpdated":true,"tgtObjectAttributes":{"parent":"RETAIL_CPG/PUBLIC","tableFormat":"Standard Table"},"runtimeParameterData":{"@type":"mtTaskRuntimeParameterData","isConnectionRuntimeParameter":false,"isObjectRuntimeParameter":false},"overridableProperties":[],"dbSchema":"","overriddenFields":[]},{"@type":"mtTaskParameter","id":5689914,"name":"$Tgt_Prod_Revenue_Snowflake$","type":"TARGET","label":"Tgt_Prod_Revenue_Snowflake","uiProperties":{"connectionParameterized":"false","objectParameterized":"false","visible":"false","defaultTargetUpdateColumns":"","supportApplyDDLChanges":"true","originalPath":"Tgt_Prod_Revenue_Snowflake"},"targetConnectionId":"@8RvqGoHyhvniQWk7Wazgkc","targetObject":"RETAIL_CPG/PUBLIC/DEMO_CDC_TOT_PROD_REVENUE_RAD","targetObjectLabel":"RETAIL_CPG/PUBLIC/DEMO_CDC_TOT_PROD_REVENUE_RAD","newFlatFile":false,"newObject":true,"showBusinessNames":false,"naturalOrder":true,"newObjectName":"RETAIL_CPG/PUBLIC/DEMO_CDC_TOT_PROD_REVENUE_RAD","truncateTarget":false,"bulkApiDBTarget":false,"operationType":"Insert","customFuncCfg":{"@type":"customFuncConfig","id":-1,"connections":[],"inputMap":[],"outputFields":[]},"targetRefsV2":{},"targetUpdateColumns":[],"fieldOrderList":[],"extendedObject":{"@type":"extendedObject","singleMode":true,"filters":[],"sortFields":[]},"runtimeAttrs":{},"isRESTModernSource":true,"commandType":0,"isFileList":false,"handleSpecialChars":false,"handleDecimalRoundOff":false,"frsAsset":false,"dynamicFileName":false,"excludeDynamicFileNameField":false,"currentlyProcessedFileName":false,"retainFieldMetadata":false,"objectName":"RETAIL_CPG/PUBLIC/DEMO_CDC_TOT_PROD_REVENUE_RAD","objectLabel":"RETAIL_CPG/PUBLIC/DEMO_CDC_TOT_PROD_REVENUE_RAD","useExactSrcNames":false,"userUpdated":true,"tgtObjectAttributes":{"parent":"RETAIL_CPG/PUBLIC","tableFormat":"Standard Table"},"runtimeParameterData":{"@type":"mtTaskRuntimeParameterData","isConnectionRuntimeParameter":false,"isObjectRuntimeParameter":false},"overridableProperties":[],"dbSchema":"","overriddenFields":[]},{"@type":"mtTaskParameter","id":5689915,"name":"$Tgt_Supp_Revenue_Snowflake$","type":"TARGET","label":"Tgt_Supp_Revenue_Snowflake","uiProperties":{"connectionParameterized":"false","objectParameterized":"false","visible":"false","defaultTargetUpdateColumns":"","supportApplyDDLChanges":"true","originalPath":"Tgt_Supp_Revenue_Snowflake"},"targetConnectionId":"@8RvqGoHyhvniQWk7Wazgkc","targetObject":"RETAIL_CPG/PUBLIC/DEMO_CDC_TOT_SUPPL_REVENUE_RAD","targetObjectLabel":"RETAIL_CPG/PUBLIC/DEMO_CDC_TOT_SUPPL_REVENUE_RAD","newFlatFile":false,"newObject":true,"showBusinessNames":false,"naturalOrder":true,"newObjectName":"RETAIL_CPG/PUBLIC/DEMO_CDC_TOT_SUPPL_REVENUE_RAD","truncateTarget":false,"bulkApiDBTarget":false,"operationType":"Insert","customFuncCfg":{"@type":"customFuncConfig","id":-1,"connections":[],"inputMap":[],"outputFields":[]},"targetRefsV2":{},"targetUpdateColumns":[],"fieldOrderList":[],"extendedObject":{"@type":"extendedObject","singleMode":true,"filters":[],"sortFields":[]},"runtimeAttrs":{},"isRESTModernSource":true,"commandType":0,"isFileList":false,"handleSpecialChars":false,"handleDecimalRoundOff":false,"frsAsset":false,"dynamicFileName":false,"excludeDynamicFileNameField":false,"currentlyProcessedFileName":false,"retainFieldMetadata":false,"objectName":"RETAIL_CPG/PUBLIC/DEMO_CDC_TOT_SUPPL_REVENUE_RAD","objectLabel":"RETAIL_CPG/PUBLIC/DEMO_CDC_TOT_SUPPL_REVENUE_RAD","useExactSrcNames":false,"userUpdated":true,"tgtObjectAttributes":{"parent":"RETAIL_CPG/PUBLIC","tableFormat":"Standard Table"},"runtimeParameterData":{"@type":"mtTaskRuntimeParameterData","isConnectionRuntimeParameter":false,"isObjectRuntimeParameter":false},"overridableProperties":[],"dbSchema":"","overriddenFields":[]}],"sequences":[],"inOutParameters":[],"connRuntimeAttrs":[]}]