[{"@type":"mappingTemplate","id":"@1","name":"m_read_radoracle_to_AzureSQLSales","description":"","autoExpireObject":false,"bundleVersion":"0","assetFrsGuid":"1cSZKRXHyv8kHrFUr6zG2Y","templateId":"@3","deployTime":1757304803000,"hasParameters":false,"valid":true,"fixedConnection":true,"hasParametersDeployed":false,"fixedConnectionDeployed":true,"isSchemaValidationEnabled":false,"tasks":0,"mappingPreviewFileRecordId":"@2","documentType":"MAPPING","allowMaxFieldLength":false,"specialCharacterSupport":false,"references":[{"@type":"reference","refObjectId":"@dionn7asPwPjZihYYLURQQ","refType":"connection"},{"@type":"reference","refObjectId":"@fK7dS9WxpwifwaD1lHmxi0","refType":"connection"}]}]