[{"@type":"mappingTemplate","id":"@1","name":"m_read_customers_from_s3","description":"","autoExpireObject":false,"bundleVersion":"0","assetFrsGuid":"8PkhXCscavgg9xJG2pnuWv","templateId":"@3","deployTime":1757474437000,"hasParameters":false,"valid":true,"fixedConnection":true,"hasParametersDeployed":false,"fixedConnectionDeployed":true,"isSchemaValidationEnabled":false,"tasks":0,"mappingPreviewFileRecordId":"@2","documentType":"MAPPING","allowMaxFieldLength":false,"specialCharacterSupport":false,"references":[{"@type":"reference","refObjectId":"@8dOsA93lMsdcOesNavcjyc","refType":"connection"},{"@type":"reference","refObjectId":"@fK7dS9WxpwifwaD1lHmxi0","refType":"connection"}]}]