[{"@type":"mappingTemplate","id":"@1","name":"m_simple_sflake_source_target","description":"","autoExpireObject":false,"bundleVersion":"0","assetFrsGuid":"9dq8tIo8BqGdvEwrbjsjaB","templateId":"@3","deployTime":1757344364000,"hasParameters":false,"valid":true,"fixedConnection":true,"hasParametersDeployed":false,"fixedConnectionDeployed":true,"isSchemaValidationEnabled":false,"tasks":1,"mappingPreviewFileRecordId":"@2","documentType":"MAPPING","allowMaxFieldLength":false,"specialCharacterSupport":false,"references":[{"@type":"reference","refObjectId":"@8dOsA93lMsdcOesNavcjyc","refType":"connection"},{"@type":"reference","refObjectId":"@aBFly3DJh5ecR0zoC5UraR","refType":"connection"}]}]