[{"@type":"mappingTemplate","id":"@1","name":"m_cdi_pdo_rad2","description":"","autoExpireObject":false,"bundleVersion":"0","assetFrsGuid":"2yreGiRY6EVbC3Yh4nwwuC","templateId":"@3","deployTime":1757306266000,"hasParameters":false,"valid":true,"fixedConnection":true,"hasParametersDeployed":false,"fixedConnectionDeployed":true,"isSchemaValidationEnabled":false,"tasks":1,"mappingPreviewFileRecordId":"@2","documentType":"ECOSYSTEM_MAPPING","ecoSystem":"com.infa.adapter.snowflake","allowMaxFieldLength":false,"specialCharacterSupport":false,"references":[{"@type":"reference","refObjectId":"@8RvqGoHyhvniQWk7Wazgkc","refType":"connection"}]}]